[
  {
    "id": 1,
    "priority": 1,
    "action": { "type": "block" },
    "condition": { "urlFilter": "||youtube.com/pagead/", "resourceTypes": ["main_frame", "sub_frame", "xmlhttprequest"] }
  },
  {
    "id": 2,
    "priority": 1,
    "action": { "type": "block" },
    "condition": { "urlFilter": "||youtube.com/youtubei/v1/player/ad_break", "resourceTypes": ["xmlhttprequest"] }
  },
  {
    "id": 3,
    "priority": 1,
    "action": { "type": "block" },
    "condition": { "urlFilter": "||www.youtube.com/get_midroll_", "resourceTypes": ["xmlhttprequest"] }
  },
  {
    "id": 4,
    "priority": 1,
    "action": { "type": "block" },
    "condition": { "urlFilter": "||youtube.com/get_video_info?*adunit", "resourceTypes": ["xmlhttprequest"] }
  },
  {
    "id": 5,
    "priority": 1,
    "action": { "type": "block" },
    "condition": { "urlFilter": "||googlesyndication.com^", "resourceTypes": ["main_frame", "sub_frame", "xmlhttprequest"] }
  },
  {
    "id": 6,
    "priority": 1,
    "action": { "type": "block" },
    "condition": { "urlFilter": "||googleads.g.doubleclick.net", "resourceTypes": ["main_frame", "sub_frame", "xmlhttprequest"] }
  },
  {
    "id": 7,
    "priority": 1,
    "action": { "type": "block" },
    "condition": { "urlFilter": "||doubleclick.com", "resourceTypes": ["main_frame", "sub_frame", "xmlhttprequest"] }
  },
  {
    "id": 8,
    "priority": 1,
    "action": { "type": "block" },
    "condition": { "urlFilter": "||google.com/pagead/", "resourceTypes": ["main_frame", "sub_frame", "xmlhttprequest"] }
  },
  {
    "id": 9,
    "priority": 1,
    "action": { "type": "block" },
    "condition": { "urlFilter": "||googlevideo.com/initplayback?source=youtube&*&c=TVHTML5&oad=", "resourceTypes": ["xmlhttprequest"] }
  }
]